{
  "shapes": [
    {
      "name": "1x2",
      "depth": -1,
      "mask": [
        "OOOOO",
        "OOOOO",
        "OOXOO",
        "OOXOO",
        "OOOOO"
      ]
    },
    {
      "name": "3x3",
      "depth": -1,
      "mask": [
        "OOOOO",
        "OXXXO",
        "OXXXO",
        "OXXXO",
        "OOOOO"
      ]
    },
    {
      "name": "5x5",
      "depth": -1,
      "mask": [
        "XXXXX",
        "XXXXX",
        "XXXXX",
        "XXXXX",
        "XXXXX"
      ]
    }
  ]
}