{
  "items": [],
  "blocks": [
    {
      "id": "rftools:dimensional_shard_ore",
      "meta": 0,
      "focusColor": "white",
      "weight": 4
    }
  ],
  "oreDict": [
    {
      "oreName": "oreCoal",
      "focusColor": "black",
      "weight": 40
    },
    {
      "oreName": "oreIron",
      "focusColor": "white",
      "weight": 32
    },
    {
      "oreName": "oreQuartz",
      "focusColor": "white",
      "weight": 20
    },
    {
      "oreName": "oreRedstone",
      "focusColor": "red",
      "weight": 20
    },
    {
      "oreName": "oreLapis",
      "focusColor": "blue",
      "weight": 16
    },
    {
      "oreName": "oreGold",
      "focusColor": "yellow",
      "weight": 14
    },
    {
      "oreName": "oreDiamond",
      "focusColor": "cyan",
      "weight": 11
    },
    {
      "oreName": "oreEmerald",
      "focusColor": "lime",
      "weight": 5
    },
    {
      "oreName": "glowstone",
      "focusColor": "yellow",
      "weight": 7
    },
    {
      "oreName": "shardLonsdaleite",
      "focusColor": "black",
      "weight": 6
    },
    {
      "oreName": "oreCopper",
      "focusColor": "orange",
      "weight": 26
    },
    {
      "oreName": "oreTin",
      "focusColor": "gray",
      "weight": 26
    },
    {
      "oreName": "oreSilver",
      "focusColor": "light_gray",
      "weight": 20
    },
    {
      "oreName": "oreLead",
      "focusColor": "purple",
      "weight": 22
    },
    {
      "oreName": "oreAluminum",
      "focusColor": "white",
      "weight": 20
    },
    {
      "oreName": "oreUranium",
      "focusColor": "green",
      "weight": 6
    },
    {
      "oreName": "oreYellorite",
      "focusColor": "green",
      "weight": 6
    },
    {
      "oreName": "oreCertusQuartz",
      "focusColor": "light_blue",
      "weight": 8
    },
    {
      "oreName": "oreChargedCertusQuartz",
      "focusColor": "light_blue",
      "weight": 4
    },
    {
      "oreName": "oreCinnabar",
      "focusColor": "brown",
      "weight": 10
    },
    {
      "oreName": "oreAmber",
      "focusColor": "orange",
      "weight": 9
    },
    {
      "oreName": "oreNickel",
      "focusColor": "gray",
      "weight": 9
    },
    {
      "oreName": "orePlatinum",
      "focusColor": "light_blue",
      "weight": 6
    },
    {
      "oreName": "oreMithril",
      "focusColor": "light_blue",
      "weight": 6
    },
    {
      "oreName": "oreSulfur",
      "focusColor": "yellow",
      "weight": 10
    },
    {
      "oreName": "oreNiter",
      "focusColor": "white",
      "weight": 10
    },
    {
      "oreName": "oreSaltpeter",
      "focusColor": "white",
      "weight": 8
    },
    {
      "oreName": "oreFirestone",
      "focusColor": "red",
      "weight": 4
    },
    {
      "oreName": "oreCobalt",
      "focusColor": "blue",
      "weight": 7
    },
    {
      "oreName": "oreArdite",
      "focusColor": "orange",
      "weight": 7
    },
    {
      "oreName": "oreApatite",
      "focusColor": "light_blue",
      "weight": 10
    },
    {
      "oreName": "oreDraconium",
      "focusColor": "purple",
      "weight": 6
    },
    {
      "oreName": "oreGraphite",
      "focusColor": "black",
      "weight": 12
    },
    {
      "oreName": "oreQuartzBlack",
      "focusColor": "black",
      "weight": 14
    },
    {
      "oreName": "oreRuby",
      "focusColor": "red",
      "weight": 10
    },
    {
      "oreName": "orePeridot",
      "focusColor": "green",
      "weight": 8
    },
    {
      "oreName": "oreTopaz",
      "focusColor": "orange",
      "weight": 8
    },
    {
      "oreName": "oreTanzanite",
      "focusColor": "purple",
      "weight": 8
    },
    {
      "oreName": "oreMalachite",
      "focusColor": "cyan",
      "weight": 8
    },
    {
      "oreName": "oreSapphire",
      "focusColor": "blue",
      "weight": 8
    },
    {
      "oreName": "oreResonating",
      "focusColor": "brown",
      "weight": 6
    },
    {
      "oreName": "oreZinc",
      "focusColor": "pink",
      "weight": 9
    },
    {
      "oreName": "oreIridium",
      "focusColor": "white",
      "weight": 6
    },
    {
      "oreName": "oreTungsten",
      "focusColor": "black",
      "weight": 8
    }
  ]
}