{
    "images":{
        "modpack":{
            "image":"mainmenu:modpack.png",
            "posX":-120.5,
            "posY":-120.5,
            "width":241,
            "height":241,
            "alignment":"center"
        }
    },
    "buttons":{
        "singleplayer":{
            "text":"menu.singleplayer",
            "texture":"mainmenu:shortbutton.png",
            "posX":-100,
            "posY":-8,
            "width":98,
            "height":20,
            "imageWidth":98,
            "imageHeight":20,
            "alignment":"center",
            "action":{
                "type":"openGui",
                "gui":"singleplayer"
            }
        },
        "multiplayer":{
            "text":"menu.multiplayer",
            "texture":"mainmenu:shortbutton.png",
            "posX":2,
            "posY":-8,
            "width":98,
            "height":20,
            "imageWidth":98,
            "imageHeight":20,
            "alignment":"center",
            "action":{
                "type":"openGui",
                "gui":"multiplayer"
            }
        },
        "mods":{
            "text":"fml.menu.mods",
            "texture":"mainmenu:shortbutton.png",
            "posX":-100,
            "posY":14,
            "width":98,
            "height":20,
            "imageWidth":98,
            "imageHeight":20,
            "alignment":"center",
            "action":{
                "type":"openGui",
                "gui":"mods"
            }
        },
        "options":{
            "text":"menu.options",
            "texture":"mainmenu:shortbutton.png",
            "posX":2,
            "posY":14,
            "width":98,
            "height":20,
            "imageWidth":98,
            "imageHeight":20,
            "alignment":"center",
            "action":{
                "type":"openGui",
                "gui":"options"
            }
        },
        "quit":{
            "text":"menu.quit",
            "texture":"mainmenu:longbutton.png",
            "posX":-100,
            "posY":80,
            "width":200,
            "height":20,
            "imageWidth":200,
            "imageHeight":20,
            "alignment":"center",
            "action":{
                "type":"quit"
            }
        },
        "ftbChangelog":{
            "text":"Changelogs",
            "texture":"mainmenu:shortbutton.png",
            "posX":-100,
            "posY":36,
            "width":98,
            "height":20,
            "imageWidth":98,
            "imageHeight":20,
            "alignment":"center",
            "action":{            
                "type":"openLink",
                "link":"https://www.feed-the-beast.com/projects/ftb-presents-skyfactory-3"
            }            
        },
        "ftbServerFiles":{
            "text":"Server Files",
            "texture":"mainmenu:shortbutton.png",
            "posX":2,
            "posY":36,
            "width":98,
            "height":20,
            "imageWidth":98,
            "imageHeight":20,
            "alignment":"center",
            "action":{
                "type":"openLink",
                "link":"https://www.curseforge.com/minecraft/modpacks/ftb-presents-skyfactory-3/files"
            }
        },
        "ftbSupport":{
            "text":"FTB Support",
            "texture":"mainmenu:shortbutton.png",
            "posX":-100,
            "posY":58,
            "width":98,
            "height":20,
            "imageWidth":98,
            "imageHeight":20,
            "alignment":"center",
            "action":{
                "type":"openLink",
                "link":"https://support.feed-the-beast.com/"
            }
        },
        "ftbForums":{
            "text":"FTB Forums",
            "texture":"mainmenu:shortbutton.png",
            "posX":2,
            "posY":58,
            "width":98,
            "height":20,
            "imageWidth":98,
            "imageHeight":20,
            "alignment":"center",
            "action":{
                "type":"openLink",
                "link":"https://forum.feed-the-beast.com/forum/"
            }
        },
        "language":{
            "text":"",
            "tooltip":"Language",
            "texture":"mainmenu:lang.png",
            "posX":104,
            "posY":-8,
            "width":20,
            "height":20,
            "imageWidth":40,
            "imageHeight":40,
            "alignment":"center",
            "action":{
                "type":"openGui",
                "gui":"languages"
            }
        },
        "ftbSite":{
            "text":"",
            "tooltip":"FTB Site",
            "texture":"mainmenu:web.png",
            "posX":104,
            "posY":14,
            "width":20,
            "height":20,
            "imageWidth":"40",
            "imageHeight":"40",
            "alignment":"center",
            "action":{
                "type":"openLink",
                "link":"https://www.feed-the-beast.com/"
            }
        },
        "ftbShop":{
            "text":"",
            "tooltip":"FTB Shop",
            "texture":"mainmenu:shop.png",
            "posX":104,
            "posY":36,
            "width":20,
            "height":20,
            "imageWidth":40,
            "imageHeight":40,
            "alignment":"center",
            "action":{
                "type":"openLink",
                "link":"https://society6.com/feedthebeast"
            }
        },
        "refresh":{
            "text":"",
            "texture":"mainmenu:refresh.png",
            "posX":-20,
            "posY":0,
            "width":20,
            "height":20,
            "imageWidth":40,
            "imageHeight":40,
            "alignment":"top_right",
            "action":{
                "type":"refresh"
            }
        }
    },
    "labels":{
        "mojang":{
            "text":"Copyright Mojang AB",
            "posX":-65,
            "posY":-13,
            "color":-1,
            "hoverColor":-1,
            "fontSize":0.6,
            "alignment":"bottom_right"
        },
        "forge":{
            "text":"Minecraft 1.10.2",
            "posX":3,
            "posY":-19,
            "color":-1,
            "hoverColor":-1,
            "fontSize":0.6,
            "alignment":"bottom_left"
        },
        "modsloaded":{
            "text":"#modsloaded# Mods Loaded",
            "posX":3,
            "posY":-13,
            "color":-1,
            "hoverColor":-1,
            "fontSize":0.6,
            "alignment":"bottom_left"
        },
        "modpack":{
            "text":"FTB Presents SkyFactory 3 3.0.19",
            "posX":3,
            "posY":-25,
            "color":-1,
            "hoverColor":-1,
            "fontSize":0.6,
            "alignment":"bottom_left"
        },   
        "newsLine1":{
            "text":"",
            "posX":-140,
            "posY":5,
            "color":-1,
            "hoverColor":-1,
            "fontSize":1.3,
            "alignment":"top_right"
        },
        "newsLine2":{
            "text":"",
            "posX":-140,
            "posY":19,
            "color":-1,
            "hoverColor":-1,
            "fontSize":1.3,
            "alignment":"top_right"
        },
        "newsLine3":{
            "text":"",
            "posX":-140,
            "posY":33,
            "color":-1,
            "hoverColor":13158400,
            "fontSize":0.8,
            "alignment":"top_right"
        }
    },
    "other":{
        "background":{
            "image":"mainmenu:background.png",
            "mode":"fill"
        }
    }
}