{
  "minecraft:cobblestone:0": {
    "fluid": "lava",
    "amount": 250
  },
  "minecraft:leaves:-1": {
    "fluid": "water",
    "amount": 250
  },
  "minecraft:leaves2:-1": {
    "fluid": "water",
    "amount": 250
  },
  "integrateddynamics:menrilLeaves:0": {
    "fluid": "water",
    "amount": 250
  },
  "natura:overworld_leaves:-1": {
    "fluid": "water",
    "amount": 250
  },
  "natura:overworld_leaves2:-1": {
    "fluid": "water",
    "amount": 250
  },
  "exnihiloadscensio:blockInfestedLeaves:0": {
    "fluid": "water",
    "amount": 250
  },
  "natura:redwood_leaves:0": {
    "fluid": "water",
    "amount": 250
  },
  "natura:nether_leaves:-1": {
    "fluid": "water",
    "amount": 250
  },
  "natura:nether_leaves2:-1": {
    "fluid": "water",
    "amount": 250
  },
  "randomthings:spectreLeaf:0": {
    "fluid": "water",
    "amount": 250
  },
  "tconstruct:slime_leaves:0": {
    "fluid": "blueslime",
    "amount": 250
  },
  "tconstruct:slime_leaves:1": {
    "fluid": "purpleslime",
    "amount": 250
  }
}